reviewItemId,documentId,provider,findingType,severity,confidence,findingTitle,rationale,evidenceExcerpt,suggestedAction,humanClassification,humanUsefulness,humanNotes,reviewerName
"HR-001","REAL-001","DeepSeek","MISSING_DEMONSTRATION","COMPLEMENTARY","0.85","Demonstrar expressamente a ausência de causas suspensivas ou interruptivas adicionais","A sentença afirma que não houve causas suspensivas entre o recebimento da denúncia e a pronúncia, mas não demonstra essa afirmação com referência aos autos. Incluir a verificação expressa de que não ocorreram suspensões (ex.: citação por edital, decisão em recurso) fortalece a fundamentação e evita questionamentos.","transcorreram mais de 4 (quatro) anos, sem que houvesse, neste período, qualquer causa suspensiva da prescrição.","Adicionar frase indicando que, da análise dos autos, não se verificou a ocorrência de qualquer causa suspensiva prevista no art. 116 do CP (ex.: citação por edital, suspensão condicional do processo, etc.) entre os marcos interruptivos analisados.","","","",""
"HR-002","REAL-001","DeepSeek","STRENGTHEN_ARGUMENT","COMPLEMENTARY","0.9","Explicitar a relação entre o trânsito em julgado para a acusação e a prescrição retroativa","A sentença menciona que a pena transitou em julgado para a acusação em 01/12/2025, mas não explica por que esse fato é relevante para a prescrição retroativa. Esclarecer que, nos termos do art. 110, § 1º, do CP, a prescrição retroativa é calculada com base na pena concretizada e exige o trânsito em julgado para a acusação, tornando a fundamentação mais completa.","Considerando que a pena aplicada ao réu transitou em julgado para a acusação em 01 de dezembro de 2025, a contagem do prazo prescricional retroativo deve ser analisada entre os marcos interruptivos.","Incluir breve explicação de que, conforme o art. 110, § 1º, do CP, a prescrição retroativa é calculada com base na pena concretizada e depende do trânsito em julgado para a acusação, o que ocorreu em 01/12/2025, autorizando a análise retroativa.","","","",""
"HR-003","REAL-001","Gemini","MISSING_COMPARATIVE_TABLE","COMPLEMENTARY","0.95","Adicionar Tabela Demonstrativa do Lapso Prescricional","A inclusão de uma tabela comparativa com os marcos interruptivos, as datas correspondentes e o cálculo do tempo transcorrido tornaria a demonstração da prescrição mais visual, clara e objetiva, eliminando qualquer dúvida sobre o cômputo do prazo.","Entre a data do recebimento da denúncia (11 de dezembro de 2015) e a data da prolação da sentença de pronúncia (21 de outubro de 2022), transcorreram mais de 4 (quatro) anos, sem que houvesse, neste período, qualquer causa suspensiva da prescrição. De fato, o lapso temporal entre estes dois marcos foi de aproximadamente 6 (seis) anos e 10 (dez) meses.","Inserir um quadro-resumo para demonstrar o cálculo do prazo prescricional entre os marcos interruptivos, conforme o exemplo: | Marco Interruptivo Inicial | Data | Marco Interruptivo Final | Data | Tempo Transcorrido | Prazo Prescricional Aplicável | Ocorrência da Prescrição | |---|---|---|---|---|---|---| | Recebimento da Denúncia | 11/12/2015 | Sentença de Pronúncia | 21/10/2022 | 6 anos, 10 meses e 10 dias | 4 anos | Sim |","","","",""
"HR-004","REAL-001","Gemini","STRENGTHEN_ARGUMENT","COMPLEMENTARY","0.9","Reforçar a Afirmação de Inexistência de Causas Suspensivas","A fundamentação pode ser fortalecida ao ancorar a afirmação sobre a ausência de causas suspensivas da prescrição a uma verificação explícita dos autos e à menção do dispositivo legal pertinente (art. 116 do Código Penal), conferindo maior solidez à conclusão.","...transcorreram mais de 4 (quatro) anos, sem que houvesse, neste período, qualquer causa suspensiva da prescrição.","Complementar a afirmação sobre a ausência de causas suspensivas, indicando que, da análise dos autos, não se verifica a ocorrência de nenhuma das hipóteses previstas no artigo 116 do Código Penal no período analisado.","","","",""
"HR-005","REAL-001","Gemini","MISSING_DATE_ANCHOR","COMPLEMENTARY","0.9","Ancorar a Data do Trânsito em Julgado para a Acusação","A data do trânsito em julgado para a acusação é um pressuposto fático essencial para a análise da prescrição retroativa. Referenciar o documento ou evento processual que comprova essa data (ex: certidão de trânsito em julgado) confere maior precisão e verificabilidade à fundamentação.","Considerando que a pena aplicada ao réu transitou em julgado para a acusação em 01 de dezembro de 2025, a contagem do prazo prescricional retroativo deve ser analisada entre os marcos interruptivos.","Indicar o evento ou documento processual que certifica o trânsito em julgado para a acusação na data mencionada, por exemplo: '(conforme certidão de trânsito em julgado do evento X)' ou '(conforme decurso de prazo certificado à fl. Y)'.","","","",""
"HR-006","REAL-002","DeepSeek","MISSING_DEMONSTRATION","COMPLEMENTARY","0.85","Demonstrar a correlação entre as falas do réu e os grupos vulneráveis mencionados","A sentença afirma que o réu proferiu discursos discriminatórios contra diversos grupos, mas não transcreve ou referencia trechos específicos do vídeo que comprovem cada uma dessas ofensas. A inclusão de uma tabela ou lista com as falas e os respectivos grupos vulneráveis fortaleceria a demonstração da materialidade e do dolo.","Em seu show, disponibilizado na rede mundial de computadores, o réu cometeu vários atos de discriminação diversos, cada um podendo ser considerado crime único, por se referir à vítima específica. | consideradas ofensas proferidas no mínimo contra oito coletividades, isto é, pessoas idosas, gordas, portadores do vírus HIV, nordestinos, judeus, evangélicos, homossexuais, negros e indígenas","Incluir um quadro demonstrativo que relacione cada grupo vulnerável mencionado (idosos, gordos, portadores de HIV, nordestinos, judeus, evangélicos, homossexuais, negros, indígenas e pessoas com deficiência) com as falas ou trechos específicos do vídeo (com indicação de tempo, se disponível) que configuram a discriminação. Isso tornaria a fundamentação mais concreta e facilitaria a verificação da materialidade.","","","",""
"HR-007","REAL-002","DeepSeek","MISSING_DEMONSTRATION","COMPLEMENTARY","0.75","Demonstrar a continuidade delitiva com base em atos específicos e não apenas na quantidade de grupos","A sentença aplica a continuidade delitiva (art. 71 do CP) considerando as ofensas a diferentes grupos como crimes continuados. No entanto, a fundamentação poderia ser mais robusta ao demonstrar que as ofensas foram praticadas em condições semelhantes de tempo, lugar e execução, e que cada ofensa a um grupo distinto configura um ato autônomo. A mera listagem de grupos não demonstra, por si só, a reiteração de condutas.","considerando que se tratam das mesmas condições de tempo, lugar e maneira de execução, deve-se aplicar o artigo 71 do Código Penal | consideradas ofensas proferidas no mínimo contra oito coletividades","Reforçar a demonstração da continuidade delitiva indicando, para cada grupo vulnerável, o momento aproximado no vídeo em que a ofensa foi proferida, evidenciando que se trata de atos distintos e autônomos, mas praticados em condições similares (mesmo show, mesma plataforma, mesmo contexto). Isso fortalece a aplicação do art. 71 do CP.","","","",""
"HR-008","REAL-002","DeepSeek","STRENGTHEN_ARGUMENT","COMPLEMENTARY","0.8","Reforçar a distinção entre a qualificadora do §2º-A e a causa de aumento do art. 20-A da Lei 7.716/89","A sentença aplica a qualificadora do §2º-A (crime no contexto de atividade artística) na primeira fase e a causa de aumento do art. 20-A (contexto de diversão) na terceira fase, afirmando que não há bis in idem. No entanto, a fundamentação sobre a distinção entre os dois institutos poderia ser mais clara e aprofundada, evitando questionamentos em sede recursal.","o fato de o crime ter sido cometido no contexto de atividade artística ou cultural destinada ao público (§ 2º-A) será valorado como qualificadora | aplica-se a causa de aumento prevista no art. 20-A da Lei n. 7.716/89, segundo a qual 'os crimes previstos nesta Lei terão as penas aumentadas de 1/3 (um terço) até a metade, quando ocorrerem em contexto ou com intuito de descontração, diversão ou recreação', hipótese que não configura bis in idem com a qualificadora prevista pelo artigo 20º, §2º-A","Explicitar que a qualificadora do §2º-A se refere ao meio de cometimento (atividade artística/cultural), enquanto a causa de aumento do art. 20-A se refere à finalidade ou contexto específico (descontração, diversão ou recreação). Demonstrar que, no caso, o show de stand-up é a atividade artística (qualificadora), e que o conteúdo discriminatório foi apresentado em tom de humor e entretenimento (causa de aumento), o que justifica a aplicação cumulativa sem bis in idem.","","","",""
"HR-009","REAL-002","Gemini","STRENGTHEN_ARGUMENT","IMPACTFUL","0.95","Alinhar a conclusão sobre a culpabilidade com a fundamentação apresentada na dosimetria","A sentença apresenta uma fundamentação robusta indicando uma culpabilidade elevada do réu (fazer do discurso de ódio seu meio de vida), mas conclui de forma contraditória que a circunstância é 'normal'. Essa inconsistência fragiliza a fixação da pena-base e cria um ponto de vulnerabilidade para recurso da defesa.","Nesse tópico, deve-se considerar que o réu tem a prática de discursos discriminatórios como meio de vida, inclusive que consistem em fonte de renda. [...] Assim, tenho que a culpabilidade deve ser considerada em grau normal, não havendo motivos que determinem necessidade de acentuação.","Harmonizar a análise da culpabilidade, seja valorando-a negativamente para refletir a gravidade do fato de o réu obter renda com a prática delitiva, seja atenuando a fundamentação para justificar a sua consideração como 'normal', eliminando a contradição interna.","","","",""
"HR-010","REAL-002","Gemini","STRENGTHEN_ARGUMENT","IMPACTFUL","0.98","Fortalecer a justificação da fração de aumento pelo crime continuado com base em critérios objetivos","A sentença aplica a fração de 1/3 para o crime continuado com base em 'no mínimo oito coletividades' ofendidas. A ausência de um critério objetivo ou jurisprudencial para a escolha dessa fração, que pode ser considerada aquém do usualmente aplicado pelo STJ para tal número de delitos, pode ser questionada em sede de apelação por falta de fundamentação e violação à proporcionalidade.","No caso do crime do artigo 20, §2º-A da Lei n. 7.716/89, consideradas ofensas proferidas no mínimo contra oito coletividades, isto é, pessoas idosas, gordas, portadores do vírus HIV, nordestinos, judeus, evangélicos, homossexuais, negros e indígenas, aumento a pena na fração intermediária de 1/3, fixando-a em 05 (cinco) anos e 13 (treze) dias de reclusão, além de 24 (vinte e quatro) dias-multa.","Explicitar o critério para a escolha da fração de aumento do crime continuado, idealmente referenciando o critério quantitativo consolidado na jurisprudência do Superior Tribunal de Justiça, que associa o número de crimes à fração de aumento, para conferir maior solidez e objetividade à dosimetria da pena.","","","",""
"HR-011","REAL-002","Gemini","STRENGTHEN_ARGUMENT","COMPLEMENTARY","0.85","Robustecer a fixação do dano moral coletivo com parâmetros jurisprudenciais","A quantificação do dano moral coletivo está bem fundamentada na capacidade econômica do réu e na extensão do dano. Contudo, a ausência de referência a casos análogos pode dar margem a alegações de que o valor foi arbitrado de forma subjetiva. A utilização de precedentes reforçaria a razoabilidade do montante.","Deve-se considerar a capacidade financeira do réu, o terceiro maior comediante do Brasil segundo a própria defesa (p. 24 do ID 360093059), cuja renda declarada em interrogatório varia entre R$10.000,00 a R$100.000,00 por mês (arquivo audiovisual de ID 357560581), sendo o que referido show lhe gerou rendimentos não só através do Youtube, mas também em apresentações presenciais, razão pela qual fixo o montante de duzentos salários mínimos, R$303.600,00 (trezentos e três mil e seiscentos reais) à título de indenização por danos morais coletivos.","Adicionar, se houver, referência a julgados de tribunais superiores ou regionais que tenham arbitrado valores de indenização por dano moral coletivo em casos de discurso de ódio com ampla repercussão, a fim de demonstrar que o valor fixado está alinhado aos parâmetros da jurisprudência, fortalecendo o critério de arbitramento.","","","",""
"HR-012","REAL-003","DeepSeek","MISSING_DEMONSTRATION","IMPACTFUL","0.95","Demonstrar a data do ajuizamento da ação em relação ao último evento danoso","A sentença afirma que a ação foi distribuída em 20-08-2019 e que os incêndios ocorreram em 28-09-2011, 24-02-2012 e 18-10-2012, concluindo que já havia fluído prazo superior a 5 anos. No entanto, não há demonstração clara de que o prazo prescricional de 5 anos, contado a partir do último evento (18-10-2012), já havia expirado em 20-08-2019. A demonstração dessa contagem é essencial para a procedência da prescrição.","os incêndios (fato objeto da demanda) ocorreram em 28-09-2011, 24-02-2012 e 18-10-2012, contudo, a presente ação foi distribuída somente em 20-08-2019, quando já havia fluído prazo superior a 05 (cinco) anos.","Incluir um quadro demonstrativo com as datas dos eventos danosos, a data de distribuição da ação e o cálculo do prazo prescricional de 5 anos, evidenciando que entre 18-10-2012 e 20-08-2019 transcorreram mais de 5 anos (aproximadamente 6 anos e 10 meses). Isso tornaria a conclusão mais robusta e transparente.","","","",""
"HR-013","REAL-003","DeepSeek","MISSING_LEGAL_ANCHOR","COMPLEMENTARY","0.9","Indicar expressamente o fundamento legal da prescrição quinquenal aplicável à Fazenda Pública","A sentença menciona o artigo 1º do Decreto nº 20.910/1932, mas não há referência expressa ao dispositivo legal que estabelece a contagem do prazo a partir do ato ou fato do qual se originou o direito. Isso pode ser reforçado para maior clareza e segurança jurídica.","Assim, na presente demanda, incide a prescrição quinquenal prevista no artigo 1º do Decreto nº 20.910/1932","Incluir a transcrição literal do artigo 1º do Decreto nº 20.910/1932, destacando que o prazo é contado 'da data do ato ou fato do qual se originaram', e relacionar essa regra ao último evento danoso (18-10-2012).","","","",""
"HR-014","REAL-003","DeepSeek","STRENGTHEN_ARGUMENT","COMPLEMENTARY","0.95","Reforçar a conexão entre a data do último evento danoso e a data de distribuição da ação","A sentença afirma que o prazo prescricional é de 5 anos e que a ação foi ajuizada após esse prazo, mas não explicita o cálculo exato. Reforçar essa conexão com uma demonstração matemática simples aumentaria a persuasão.","os incêndios (fato objeto da demanda) ocorreram em 28-09-2011, 24-02-2012 e 18-10-2012, contudo, a presente ação foi distribuída somente em 20-08-2019","Adicionar uma frase como: 'Considerando que o último evento danoso ocorreu em 18-10-2012 e a ação foi distribuída em 20-08-2019, transcorreram mais de 6 anos e 10 meses, superando o prazo quinquenal de 5 anos previsto no Decreto nº 20.910/1932.'","","","",""
"HR-015","REAL-003","DeepSeek","ANTICIPATE_COUNTERARGUMENT","OPTIONAL","0.85","Antecipar eventual argumento de que o prazo prescricional seria trienal com base no Código Civil","Embora a sentença já tenha citado jurisprudência consolidada do STJ e TJRS sobre a aplicação do prazo quinquenal, poderia ser útil antecipar e refutar expressamente o argumento de que o prazo seria de 3 anos (art. 206, §3º, V, do CC), demonstrando que a jurisprudência atual é pacífica no sentido da aplicação do Decreto nº 20.910/1932.","Nos casos de reparação de responsabilidade civil, o Código Civil de 2002 reduziu o prazo para 03 (três) anos, contudo, tal prazo não se aplica à Fazenda Pública","Incluir uma frase adicional como: 'Ressalte-se que, embora o art. 206, §3º, V, do CC estabeleça prazo trienal para a reparação civil, a jurisprudência consolidada do STJ (Tema 1.009) e do TJRS firmou que, nas ações contra a Fazenda Pública, prevalece o prazo quinquenal do Decreto nº 20.910/1932, afastando a incidência do prazo do Código Civil.'","","","",""
"HR-016","REAL-003","Gemini","STRENGTHEN_ARGUMENT","IMPACTFUL","0.95","Ancorar a fundamentação no precedente vinculante específico do STJ","A citação da doutrina menciona um 'recurso especial representativo da controvérsia' que pacificou o tema. Indicar o número do julgado (leading case) e o tema correspondente do STJ transforma a fundamentação, que se baseia em doutrina e jurisprudência persuasiva, em uma aplicação direta de precedente vinculante (art. 927, III, CPC), conferindo máxima força à decisão.","Em razão disso, submeteu-se a questão à deliberação da 1ª Seção do STJ, em recurso especial representativo da controvérsia, julgando por amostragem, para fixar a tese a ser seguida nos demais casos (CPC, art. 543-C).","Após a citação doutrinária que menciona o julgamento de recurso repetitivo, sugere-se adicionar a referência específica ao precedente. Por exemplo: 'A matéria foi definitivamente pacificada pela Primeira Seção do Superior Tribunal de Justiça no julgamento do REsp 1.251.993/PR (Tema 553), sob o rito dos recursos repetitivos, que fixou a tese de que o prazo prescricional para as ações indenizatórias ajuizadas contra a Fazenda Pública é o quinquenal, previsto no art. 1º do Decreto 20.910/32.'","","","",""
"HR-017","REAL-003","Gemini","MISSING_DEMONSTRATION","COMPLEMENTARY","0.98","Demonstrar o cálculo do termo final da prescrição","A sentença afirma que o prazo de cinco anos transcorreu, mas não demonstra o cálculo. Explicitar o termo final do prazo prescricional com base na data do último evento danoso torna a conclusão matemática e visualmente incontestável, eliminando qualquer margem para dúvida sobre o esgotamento do prazo.","No caso dos autos, conforme referido na inicial e comprovado pelos documentos que a amparam, os incêndios (fato objeto da demanda) ocorreram em 28-09-2011, 24-02-2012 e 18-10-2012, contudo, a presente ação foi distribuída somente em 20-08-2019, quando já havia fluído prazo superior a 05 (cinco) anos.","Após indicar as datas dos eventos e do ajuizamento, adicionar um parágrafo com o cálculo explícito. Por exemplo: 'Considerando o último evento danoso em 18/10/2012, o termo final para o ajuizamento da ação era 18/10/2017. Tendo a demanda sido proposta apenas em 20/08/2019, verifica-se que transcorreram quase dois anos após o esgotamento do prazo legal, o que torna inequívoca a ocorrência da prescrição.'","","","",""
"HR-018","REAL-003","Gemini","STRENGTHEN_ARGUMENT","COMPLEMENTARY","0.9","Justificar expressamente a aplicação do julgamento liminar de improcedência","A decisão extingue o feito com base no art. 332, §1º, do CPC, mas não articula de forma explícita a subsunção do caso à hipótese legal, que exige a existência de precedente vinculante. Conectar a aplicação do dispositivo à tese firmada pelo STJ em recurso repetitivo reforça a legalidade e a adequação do julgamento de plano, sem a citação do réu.","Isso posto, com base no artigo 487, inciso II, do CPC e artigo 332, §1º, do CPC, JULGO EXTINTO, de plano, o presente feito proposto por JOSÉ TEODORO DA CUNHA MACHADO em face do ESTADO DO RIO GRANDE DO SUL, com resolução do mérito, pelo reconhecimento da prescrição...","No dispositivo, ao fundamentar a extinção, conectar a aplicação do art. 332 do CPC à fundamentação já exposta. Por exemplo: 'Isso posto, por se tratar de matéria que contraria tese firmada em julgamento de recurso repetitivo (Tema 553/STJ), sendo desnecessária a citação do réu, JULGO LIMINARMENTE IMPROCEDENTE o pedido, extinguindo o feito com resolução de mérito, com base no art. 332, II, e art. 487, II, ambos do CPC.'","","","",""
"HR-019","REAL-004","DeepSeek","MISSING_DEMONSTRATION","COMPLEMENTARY","0.85","Demonstrar a ciência dos fatos pelo autor com data precisa e documento","A sentença menciona que o autor tomou conhecimento das ofensas em 09/09/2004, mas não há referência a documento que comprove essa data. A demonstração da data exata da ciência é relevante para a contagem de prazos prescricionais e para a fixação dos juros de mora (Súmula 54 do STJ).","Afirmou ainda que no processo disciplinar oriundo do pedido de providências, o qual tomou conhecimento no dia 09 de setembro de 2004, o requerido, em defesa da advogada Lilia Kimura, teria o atacado, proferindo palavras ofensivas à sua dignidade e à sua reputação | juros de mora de 1% (um) por cento ao mês, nos termos do artigo 406 do Código Civil e do artigo 162, §1° do Código Tributário Nacional, contados da data do evento danoso, ocorrido em 13.09.2004, quando o autor teve conhecimento dos fatos, nos termos da Súmula 54 do STJ","Incluir na fundamentação a referência ao documento específico que comprova a data em que o autor tomou ciência das ofensas (ex.: certidão, intimação, ou documento dos autos do processo disciplinar). Isso fortalece a ancoragem temporal do termo inicial dos juros de mora.","","","",""
"HR-020","REAL-004","DeepSeek","STRENGTHEN_ARGUMENT","COMPLEMENTARY","0.9","Reforçar a distinção entre imunidade profissional penal e responsabilidade civil","A sentença já aborda a distinção entre imunidade penal e responsabilidade civil, mas poderia explicitar de forma mais direta que a inviolabilidade do advogado (art. 133 CF, art. 7º, §2º, Lei 8.906/94) não exclui a responsabilidade civil por danos morais, conforme art. 935 do CC. Isso tornaria a fundamentação ainda mais robusta contra eventual recurso.","Apesar da questão não estar pacificada, há forte corrente doutrinária civilista que afirma que a inviolabilidade do advogado ficou limitada à esfera penal, pois não há disposições legais ou constitucionais que afastem sua responsabilização pelos danos causados no âmbito civil. | a imunidade penal prevista no novo Estatuto da OAB não tem nenhuma repercussão sobre a sua responsabilidade civil pela eventual prática de ato ilícito no exercício de sua atividade profissional","Adicionar parágrafo explicitando que, nos termos do art. 935 do Código Civil, a responsabilidade civil é independente da criminal, e que a imunidade penal do advogado (art. 7º, §2º, Lei 8.906/94) não o exime de reparar os danos morais causados por excessos no exercício profissional, conforme art. 32 da mesma lei.","","","",""
"HR-021","REAL-004","DeepSeek","ANTICIPATE_COUNTERARGUMENT","COMPLEMENTARY","0.85","Antecipar e refutar o argumento de que o sigilo do processo disciplinar afasta o dano moral","O réu argumentou que o processo disciplinar é sigiloso e, portanto, não haveria dano moral. A sentença já refuta esse argumento, mas poderia fazê-lo de forma mais incisiva, demonstrando que o dano moral subjetivo (intimidade psíquica) independe de publicidade, e que o sigilo não autoriza excessos.","O fato de o processo disciplinar que tramita na OAB ter caráter sigiloso não exime o requerido da responsabilidade dos atos praticados, visto que o dano moral pode se configurar tanto na esfera social (dano moral objetivo), quanto na pessoal (dano moral subjetivo), e em tal caso independe de publicidade. | Não pode o sigilo processual ser de modo algum autorizativo para que o advogado exceda aos limites da imunidade prevista no art. 133 da Constituição Federal.","Reforçar que o sigilo do processo disciplinar (art. 72, §2º, Lei 8.906/94) não constitui salvo-conduto para ofensas pessoais, e que o dano moral subjetivo (dor, sofrimento, abalo à honra) prescinde de publicidade, bastando a ciência do ofendido. Citar doutrina ou jurisprudência que afirme que o sigilo não elide o dano moral quando há excesso.","","","",""
"HR-022","REAL-004","DeepSeek","MISSING_DEMONSTRATION","OPTIONAL","0.8","Demonstrar a gravidade das ofensas com transcrição de trechos específicos","A sentença menciona que as ofensas foram graves e ultrapassaram os limites da defesa, mas não transcreve os trechos específicos das palavras proferidas pelo réu. A transcrição literal das ofensas tornaria a fundamentação mais concreta e persuasiva, evidenciando o excesso e a gravidade do ato ilícito.","As ofensas proferidas pelo requerido foram tão graves que ele foi denunciado pelo Ministério Público pelo crime de difamação | proferiu acusações gratuitas que ultrapassaram o bom senso, o equilíbrio e a defesa de sua cliente","Incluir na fundamentação a transcrição literal dos trechos da defesa prévia em que o réu proferiu as ofensas contra o autor, destacando as expressões que excederam os limites da defesa e configuraram ataque pessoal. Isso fortalece a demonstração do ato ilícito e do dano moral.","","","",""
"HR-023","REAL-004","DeepSeek","MISSING_CALCULATION","OPTIONAL","0.75","Detalhar os parâmetros de cálculo do valor da indenização por dano moral","A sentença fixa a indenização em 100 salários mínimos com base em parâmetros genéricos (condição financeira das partes, extensão do dano, etc.), mas não apresenta uma memória de cálculo ou ponderação mais detalhada. Isso pode ser questionado em recurso como arbitramento sem fundamentação suficiente.","Para fixar o valor do dano moral sofrido pelo autor, utilizo os seguintes parâmetros: | Destarte, da análise dos requisitos acima, o requerido deverá indenizar o requerente na quantia de cem salários mínimos.","Incluir na fundamentação uma ponderação mais detalhada dos parâmetros utilizados, como: (i) valor do salário mínimo à época da sentença; (ii) comparação com valores fixados em casos análogos pelo TJMS ou STJ; (iii) justificativa específica para o número de salários mínimos escolhido, relacionando-o à gravidade das ofensas e à condição das partes.","","","",""
"HR-024","REAL-004","Gemini","STRENGTHEN_ARGUMENT","IMPACTFUL","0.95","Citar Trechos Específicos das Ofensas para Materializar o Ato Ilícito","A transcrição de excertos literais das manifestações consideradas ofensivas confere maior concretude à fundamentação, demonstrando de forma inequívoca o excesso de linguagem e o abuso de direito, em vez de apenas afirmá-los genericamente. Isso robustece a conclusão de que a imunidade profissional foi ultrapassada, tornando a decisão mais persuasiva.","o requerido, em defesa da advogada Lilia Kimura, teria o atacado, proferindo palavras ofensivas à sua dignidade e à sua reputação, comparando -o com o magistrado que o antecedeu, com o único propósito de ferir sua imagem e desprestigiar sua atuação como juiz na comarca de Bataguassu. | As ofensas proferidas pelo requerido foram tão graves que ele foi denunciado pelo Ministério Público pelo crime de difamação, previsto no art. 139 do Código Penal...","Incluir, na fundamentação do mérito, um parágrafo ou um bloco de citação contendo os trechos mais relevantes da peça de defesa apresentada pelo réu no processo disciplinar (mencionada como parte dos documentos de fls. 20/131), que materializam as ofensas à honra e à imagem do autor.","","","",""
"HR-025","REAL-004","Gemini","STRENGTHEN_ARGUMENT","IMPACTFUL","0.98","Fixar o Valor da Condenação em Moeda Corrente para Evitar Questionamentos Futuros","A condenação em 'cem salários mínimos' pode ser objeto de recurso com base na vedação constitucional de vinculação do salário mínimo para qualquer fim (art. 7º, IV, CF) e na Súmula Vinculante 4 do STF. Fixar o valor da indenização em moeda corrente (Reais), correspondente ao valor de 100 salários mínimos na data da sentença, torna o dispositivo mais técnico, preciso e imune a essa específica tese recursal.","Destarte, da análise dos requisitos acima, o requerido deverá indenizar o requerente na quantia de cem salários mínimos. | JULGO PROCEDENTE O PEDIDO, para condenar o réu Luis Eduardo Tanus a indenizar o autor Marcus Vinícius de Oliveira Elias no valor de 100 (cem salários) mínimos a título de danos morais...","No dispositivo da sentença, converter o valor da condenação para um montante fixo em Reais, esclarecendo que tal valor corresponde a 100 salários mínimos na data da prolação da decisão. Por exemplo: 'condenar o réu ao pagamento de R$ [VALOR CALCULADO], correspondente a 100 (cem) salários mínimos vigentes nesta data, a título de danos morais'.","","","",""
"HR-026","REAL-004","Gemini","STRENGTHEN_ARGUMENT","COMPLEMENTARY","0.9","Estruturar a Análise do Mérito com Base nos Requisitos da Responsabilidade Civil","A fundamentação aborda o ato ilícito e o dano, mas não os organiza de forma explícita sob a ótica dos três pressupostos clássicos da responsabilidade civil (conduta ilícita, dano e nexo causal). Estruturar a análise em tópicos separados para cada um desses elementos tornaria a decisão mais didática, clara e juridicamente robusta, demonstrando metodicamente o preenchimento de todos os requisitos legais para a condenação.","No entanto, dada a relevância da questão posta em Juízo e seu desdobramento nos dias atuais, principalmente quando em pólos distintos estão um magistrado e um advogado, são necessárias algumas considerações. | As ofensas proferidas pelo requerido foram tão graves que ele foi denunciado pelo Ministério Público... | qualificam-se como morais os danos em razão da esfera da subjetividade...","Introduzir a análise de mérito com a menção expressa aos pressupostos da responsabilidade civil (conduta ilícita, dano e nexo de causalidade), com base nos artigos 186 e 927 do Código Civil. Em seguida, desenvolver a argumentação em subtópicos distintos (ex: 'Da Conduta Ilícita', 'Do Dano Moral', 'Do Nexo Causal'), demonstrando a ocorrência de cada um desses elementos no caso concreto.","","","",""
"HR-027","REAL-004","Gemini","STRENGTHEN_ARGUMENT","COMPLEMENTARY","0.9","Detalhar a Fundamentação da Decisão da OAB que Rejeitou o Desagravo","A sentença menciona que o pedido de desagravo contra o autor foi improcedente. Aprofundar este ponto, citando os fundamentos da decisão da OAB (fls. 447/455), pode reforçar o argumento de que a conduta do réu foi inadequada, pois a própria Ordem dos Advogados, ao analisar os fatos, não encontrou irregularidades na atuação do magistrado, validando indiretamente a tese da ação.","Ademais, consta nos autos que a advogada Lilia Kimura, representada pelo requerido, ajuizou perante a OAB/MS pedido de desagravo em face do requerente, que foi julgado improcedente na subseção local e mantido pelo Conselho Federal da OAB (fls. 447/455), o que evidencia ainda mais o acerto da postura do requerente em ter enviado cópias do processo nº 133/2001 para a OAB/MS para a apuração de eventual falta ética dos advogados que propuseram a ação previdenciária, e o desacerto da postura do requerido na apresentação de defesa prévia no processo ético-disciplinar nº 053/03...","Extrair e citar trechos da fundamentação da decisão do Conselho da OAB (disponível às fls. 447/455) que corroborem a correção da conduta do autor e, se houver, que censurem a forma como a defesa foi conduzida pelo réu, conectando de forma mais direta a improcedência do desagravo com o 'desacerto da postura do requerido'.","","","",""
"HR-028","REAL-005","Gemini","ANTICIPATE_COUNTERARGUMENT","IMPACTFUL","0.95","Diferenciar Expressamente a Liberdade de Perspectiva Historiográfica do Discurso Institucional Ilícito","A defesa da União se baseia na tese de que a Marinha tem direito a uma 'perspectiva historiográfica' própria. Antecipar e refutar diretamente este argumento, distinguindo o debate histórico legítimo do uso de linguagem estigmatizante por um órgão estatal, tornaria a fundamentação mais robusta e imune a recursos que explorem essa aparente colisão de direitos.","Sustenta que a imperatividade da preservação das múltiplas perspectivas historiográficas garante à Marinha o direito de não exaltar um levante que envolveu o emprego de artilharia pesada, a quebra de hierarquia e disciplina e a morte de civis inocentes.","Incluir um tópico ou parágrafo que aborde diretamente a tese da 'perspectiva historiográfica', esclarecendo que, embora o debate sobre os fatos históricos seja livre, a utilização de adjetivos desumanizantes ('abjetos') por uma instituição do Estado não se qualifica como 'perspectiva', mas sim como um ato administrativo verbal que viola o dever de respeito à dignidade humana e à memória coletiva, especialmente em relação a figuras anistiadas pelo próprio Estado.","","","",""
"HR-029","REAL-005","Gemini","STRENGTHEN_ARGUMENT","IMPACTFUL","0.9","Vincular a Anistia ao Princípio da Vedação ao Comportamento Contraditório do Estado (Venire Contra Factum Proprium)","A sentença argumenta que o Estado não pode contradizer a lei de anistia. A invocação expressa do princípio do 'venire contra factum proprium', aplicado à Administração Pública, fortaleceria a fundamentação com uma doutrina jurídica consolidada, tornando a contradição estatal não apenas uma questão de lógica, mas uma violação a um princípio geral do direito.","Uma vez que a lei reconheceu os 'valores de justiça e igualdade' da luta contra as chibatadas, o próprio Estado, por meio de seus órgãos ou agentes, está impedido de atuar de modo contraditório, vilipendiando publicamente a memória que a lei visou restaurar.","Adicionar, na seção 2.4, que a conduta da Marinha representa uma violação ao princípio que veda o comportamento contraditório (venire contra factum proprium). Explicitar que o Estado, ao promulgar a Lei nº 11.756/2008, criou uma legítima expectativa de que seus órgãos passariam a tratar a memória dos anistiados com a dignidade restaurada pela lei, sendo ilícito o comportamento posterior que frustra essa expectativa.","","","",""
"HR-030","REAL-005","Gemini","MISSING_LEGAL_ANCHOR","IMPACTFUL","0.98","Especificar o Fundamento Normativo para a Aplicação da Taxa SELIC na Condenação da Fazenda Pública","A parte dispositiva sobre juros e correção monetária é complexa e mistura a lógica das Súmulas 54 e 362 do STJ com a aplicação da SELIC, que é um índice conglobante. Isso pode gerar controvérsia na fase de cumprimento de sentença. Ancorar a decisão no fundamento normativo específico (ex: Emenda Constitucional nº 113/2021) e na jurisprudência atual do STJ sobre o tema tornaria o comando mais claro, preciso e seguro.","O montante deverá ser atualizado monetariamente pela taxa SELIC - como índice conglobante de correção monetária e juros de mora - a partir do arbitramento nesta sentença (Súmula 362 do STJ), e os juros de mora incidirão desde o evento danoso (data da emissão da carta impugnada, 22/04/2024), nos termos da Súmula 54 do STJ (assim, para o período anterior a esta sentença, deverá ser deduzida da taxa SELIC a parcela referente à correção monetária - IPCA-E, conforme a metodologia do Manual de Cálculos da Justiça Federal).","Revisar a redação do item 'b' do dispositivo para fundamentar a aplicação exclusiva da taxa SELIC com base na norma pertinente (como o art. 3º da Emenda Constitucional nº 113/2021), esclarecendo que, a partir de sua vigência, ela incide uma única vez, englobando juros e correção, e afastando a aplicação combinada das Súmulas 54 e 362 do STJ para evitar dupla contagem ou metodologia de cálculo conflitante.","","","",""
"HR-031","REAL-005","Gemini","STRENGTHEN_ARGUMENT","COMPLEMENTARY","0.85","Estruturar a Justificativa do Quantum Indenizatório com Base nos Critérios do STJ","A fixação do valor da indenização se baseia na razoabilidade e em um precedente. Para torná-la mais resistente a recursos que questionem o montante, seria benéfico analisar explicitamente os critérios consagrados pelo Superior Tribunal de Justiça para a quantificação do dano moral, como a extensão do dano, a capacidade econômica do ofensor e o caráter pedagógico da medida.","Neste caso, a reparação plena é atingida pela conjugação da obrigação de abstenção (tutela inibitória) com o reconhecimento declaratório do ilícito, que possui forte carga simbólica de restauração da verdade histórica. Assim, fixo a indenização por dano moral coletivo em R$ 200.000,00 (duzentos mil reais). Este montante atende ao caráter punitivo-dissuasório e garante a viabilidade de projetos de memória sem onerar excessivamente o erário...","Na seção 2.10, ao justificar o valor de R$ 200.000,00, detalhar a análise com base nos vetores usualmente aplicados pelo STJ: (a) a gravidade da conduta do ofensor (ato oficial de órgão de Estado); (b) a extensão do dano (ofensa à memória e dignidade de toda a comunidade negra); (c) a capacidade econômica do réu (União); e (d) o caráter punitivo-pedagógico da condenação, demonstrando como o valor arbitrado equilibra esses fatores.","","","",""
"HR-032","REAL-006","Gemini","STRENGTHEN_ARGUMENT","IMPACTFUL","0.98","Analisar expressamente a preliminar de violação ao 'ne bis in idem'","A peça transcreve a alegação da defesa sobre a suposta repetição de acusação já julgada em outra ação penal (violação ao 'ne bis in idem'), mas a seção de preliminares não enfrenta diretamente este argumento. Abordar e refutar expressamente esta tese é crucial para a validade da sentença, demonstrando que os fatos julgados são distintos e autônomos, o que afasta a dupla punição.","9. Repetição da acusação veiculada nos autos da Ação Penal nº 5046512- 94.2016.4.04.7000/PR (caso do tríplex), que levou à condenação do Defendente sem reconhecimento de concurso material — questionada nos Tribunais Superiores por recursos pendentes de julgamento — sob o (falso) fundamento de que ele seria “o garantidor de um esquema maior, assegurando nomeações e manutenções de agentes públicos em cargos chaves para a empreitada criminosa”; violação à garantia do ne bis in idem;","Adicionar um tópico na seção de preliminares (II.1) para analisar e afastar a alegação de 'ne bis in idem'. A fundamentação deve destacar que, embora as acusações em ambos os processos possam se referir a um mesmo esquema de corrupção macro, os fatos específicos que constituem os crimes são distintos: em um caso, a vantagem indevida refere-se a um apartamento, e no presente caso, a reformas em um sítio. Trata-se, portanto, de crimes autônomos, o que afasta a dupla punição pelo mesmo fato.","","","",""
"HR-033","REAL-006","Gemini","STRENGTHEN_ARGUMENT","IMPACTFUL","0.98","Enfrentar a alegação de cerceamento de defesa pelo indeferimento de provas","O relatório da sentença menciona que a defesa arguiu, em alegações finais, o 'sistemático cerceamento de defesa' pelo indeferimento de diligências. A seção de preliminares, no entanto, não aborda este ponto. É fundamental que a sentença enfrente diretamente essa alegação para demonstrar a observância do devido processo legal, explicando que o indeferimento de provas foi fundamentado e se baseou na discricionariedade regrada do juiz como destinatário da prova.","10. Sistemático cerceamento de Defesa, com o indeferimento indiscriminado de inúmeras diligências probatórias pleiteadas, por meio de decisões genéricas e despidas de fundamentação idônea. Ofensa aos princípios constitucionais da motivação das decisões judiciais, da ampla defesa e do contraditório, bem como do devido processo legal (art. 93, IX; art. 5º, LV e LIV);","Incluir um tópico na seção de preliminares (II.1) para refutar a tese de cerceamento de defesa. A argumentação deve esclarecer que o indeferimento de diligências se deu de forma fundamentada, com base no art. 400, § 1º, do CPP, por serem consideradas irrelevantes, impertinentes ou protelatórias, e que o juiz, como destinatário da prova, tem o poder-dever de indeferir as que julgar desnecessárias, sem que isso configure violação à ampla defesa.","","","",""
"HR-034","REAL-006","Gemini","STRENGTHEN_ARGUMENT","IMPACTFUL","0.95","Abordar a alegação de parcialidade da magistrada sentenciante","A defesa alega que a condução do interrogatório pela juíza que profere a sentença foi 'opressiva, autoritária e inquisitória', indicando sua parcialidade. A seção 'II.1.2 SUSPEIÇÃO' foca exclusivamente na suspeição do magistrado anterior. Deixar de responder à alegação direta contra a juíza sentenciante cria uma lacuna argumentativa que pode ser explorada em recurso, fragilizando a imagem de imparcialidade do julgamento.","A condução do interrogatório do Defendente, de forma opressiva, autoritária e inquisitória, comprovou que o ex-presidente Lula segue sendo vistocomo um inimigo, destituído de direitos, cuja fala e manifestações devem ser cerceados. Nítida violação da garantia fundamental da ampla defesa (autodefesa e defesa técnica) e do devido processo;","Adicionar um parágrafo na seção 'II.1.2 SUSPEIÇÃO' para rebater a alegação de parcialidade da própria magistrada sentenciante. A sugestão é afirmar que a condução do interrogatório seguiu as normas processuais, garantindo o direito de defesa e o contraditório, e que as intervenções judiciais visaram unicamente à ordem dos trabalhos e à busca da verdade real, sem qualquer animosidade ou prejulgamento, conforme se pode aferir da gravação audiovisual do ato.","","","",""
"HR-035","REAL-006","Gemini","STRENGTHEN_ARGUMENT","COMPLEMENTARY","0.9","Detalhar os elementos de conexão que firmam a competência do juízo","A sentença afirma a competência com base em 'diversos elementos de conexão com processos em trâmite nesta Vara'. Essa afirmação, embora correta, é genérica. Detalhar quais são esses elementos (ex: identidade de réus, compartilhamento de provas, modus operandi comum) tornaria a fundamentação da competência mais robusta, autossuficiente e menos dependente do conhecimento prévio do contexto geral da Operação Lava Jato.","Então, a competência é da Justiça Federal, por envolver acusações de vantagens indevidas pagas a Luiz Inácio Lula da Silva, em razão de seu cargo de Presidente da República, e deste Juízo, pois, apesar das reformas terem sido efetuadas no sítio em São Paulo, há diversos elementos de conexão com processos em trâmite nesta Vara e atinentes à Operação Lava Jato.","Para reforçar a fundamentação da competência por conexão, sugere-se detalhar, ainda que de forma sucinta, os principais elementos que conectam esta ação penal a outros feitos da Operação Lava Jato. Por exemplo: a identidade de partes (como as empreiteiras OAS e Odebrecht), a origem comum dos recursos ilícitos (esquema de corrupção na Petrobras), ou a utilização de provas compartilhadas que demonstrem um nexo instrumental entre os casos.","","","",""
"HR-036","REAL-007","Gemini","STRENGTHEN_ARGUMENT","IMPACTFUL","0.95","Fortalecer a Fundamentação do Valor da Indenização Material","A quantificação do dano material baseia-se em uma única fonte externa (site de empregos) e em um multiplicador (20x) sem justificativa detalhada. Essa metodologia pode ser questionada em recurso por aparente arbitrariedade, fragilizando a condenação. O fortalecimento da base de cálculo torna a decisão mais sólida e menos suscetível a reformas.","Deste modo, analisadas as peculiaridades que envolvem o caso, e considerando que o salário médio de um designer têxtil - profissional cujas atividades se assemelham às desempenhadas pelo autor quando de sua criação intelectual – se encontra no valor aproximado de R$2.215,00 (dois mil duzentos e quinze reais), entendo como patamar justo da verba indenizatória a importância de vinte vezes este salário, totalizando R$44.300,00 (quarenta e quatro mil e trezentos reais).","Para robustecer o arbitramento, sugere-se justificar o multiplicador '20x' com base em critérios objetivos, como a complexidade do trabalho, o tempo estimado de dedicação do autor, a relevância nacional do evento (Olimpíadas) e o alcance da utilização dos uniformes. Alternativamente, poderia ser citada mais de uma fonte para o salário médio da profissão para demonstrar a razoabilidade do parâmetro adotado.","","","",""
"HR-037","REAL-007","Gemini","MISSING_LEGAL_ANCHOR","IMPACTFUL","0.9","Incluir Fundamento Legal Específico para o Arbitramento da Indenização","A sentença fundamenta o dever de indenizar nos artigos 186 e 927 do Código Civil, mas ao quantificar o valor, recorre ao 'prudente arbítrio do magistrado' de forma genérica. A ausência de um dispositivo da Lei de Direitos Autorais (Lei 9.610/98) que autoriza expressamente o arbitramento judicial do valor da indenização pode ser explorada como uma lacuna na fundamentação.","A fixação do montante indenizatório segue critérios subjetivos do prudente arbítrio do magistrado e deve ser consentânea à realidade dos fatos e à repercussão social do evento danoso, devendo observar o princípio da proporcionalidade e razoabilidade...","Indicar expressamente o dispositivo da Lei nº 9.610/98 que autoriza o arbitramento judicial da indenização por violação de direito autoral, como o parágrafo único do art. 103. Isso conectaria o 'prudente arbítrio' a uma base legal específica da matéria, reforçando a legalidade do método de quantificação adotado.","","","",""
"HR-038","REAL-007","Gemini","ANTICIPATE_COUNTERARGUMENT","COMPLEMENTARY","0.85","Refutar Expressamente o Fundamento Legal da Defesa (Art. 88 da LPI)","A União fundamentou parte de sua defesa no art. 88 da Lei de Propriedade Industrial (LPI). A sentença, embora refute a tese de que o trabalho era inerente ao cargo, não aborda diretamente a inaplicabilidade deste dispositivo legal específico. Enfrentar e afastar expressamente o fundamento legal invocado pela parte contrária fortalece a decisão, demonstrando que todos os argumentos da defesa foram analisados e rejeitados.","o conteúdo em questão foi produzido pelo autor voluntariamente, durante período em que o mesmo encontrava -se à disposição da União, pelo que descabida qualquer indenização pelo trabalho realizado, nos termos do que dispõe o art.88 da LPI.","Adicionar um parágrafo na fundamentação para esclarecer que o art. 88 da Lei nº 9.279/96 (LPI) é inaplicável ao caso, pois trata de propriedade industrial (invenções e modelos de utilidade, sujeitos a patente), enquanto a proteção pleiteada refere-se a direito de autor sobre obra de desenho, regida pela Lei nº 9.610/98.","","","",""
"HR-039","REAL-007","Gemini","MISSING_LEGAL_ANCHOR","COMPLEMENTARY","0.8","Fundamentar o Reconhecimento da Autoria como Direito Moral do Autor","A decisão declara a autoria do demandante, mas o faz de forma pragmática, sem conectar o pedido ao instituto dos 'direitos morais do autor'. Vincular a decisão ao fundamento legal específico da Lei de Direitos Autorais (LDA) enriquece a fundamentação e esclarece a natureza do direito que está sendo tutelado, distinguindo-o do dano moral indenizável, que foi negado.","Por fim, quanto ao pedido de reconhecimento da autoria de criação do mencionado fardamento, de modo que seja anotada tal informação em órgão competente, cumpre mencionar que, a par de reconhecida a autoria do demandante em relação aos uniformes ora objeto de litígio (...) tal reconhecimento será declarado por sentença.","No tópico 'Reconhecimento de Autoria', mencionar que o pedido se ampara no direito moral do autor de ter seu nome indicado na utilização de sua obra, conforme previsto no art. 24, I, da Lei nº 9.610/98. Isso reforça que, embora não tenha havido dano moral passível de indenização pecuniária, há um direito moral de paternidade a ser judicialmente reconhecido.","","","",""
"HR-040","REAL-008","Gemini","MISSING_COMPARATIVE_TABLE","IMPACTFUL","0.95","Incluir Tabela Comparativa para Demonstrar o Caráter Protelatório dos Requerimentos na Fase do Art. 402 do CPP","A decisão fundamenta o indeferimento de múltiplas diligências na fase do art. 402 do CPP, argumentando que a Defesa tentou reabrir a instrução de forma intempestiva e com propósito protelatório. A criação de um quadro comparativo que contraste a escassez de requerimentos na resposta preliminar com a abundância e complexidade dos pedidos na fase final do processo tornaria essa conclusão visualmente evidente e mais persuasiva, reforçando a legitimidade do indeferimento.","Um breve comparativo entre a quantidade de requerimentos probatórios por ela formulados nessa fase, dezesseis ao todo (evento 198), comparados com dois únicos na resposta preliminar (evento 23), é ilustrativo da intenção de reabrir toda a instrução.","Inserir um quadro-resumo comparativo para visualizar a desproporção entre os requerimentos probatórios formulados na resposta à acusação e aqueles apresentados na fase do art. 402 do CPP. O quadro poderia ter colunas como 'Fase Processual', 'Número de Requerimentos', e 'Complexidade (Ex: Oitiva no exterior, Perícia, etc.)', para demonstrar objetivamente a tentativa de reabertura da instrução e o potencial caráter protelatório.","","","",""
"HR-041","REAL-008","Gemini","MISSING_LEGAL_ANCHOR","COMPLEMENTARY","0.9","Fortalecer o Fundamento Normativo do Princípio 'Locus Regit Actum'","A sentença aplica corretamente o princípio de que a validade da prova produzida no exterior é regida pela lei local. Embora a fundamentação baseada em doutrina, direito comparado e jurisprudência seja robusta, a menção a um dispositivo específico do ordenamento brasileiro que consagre ou suporte este princípio (como na LINDB ou no próprio CPP) tornaria o argumento ainda mais sólido e menos suscetível a questionamentos em sede de recurso.","Em outras palavras e como é básico em Direito Internacional, seguem­se as leis e regras do local de produção do ato ('locus regit actum').","Adicionar, em complemento à doutrina e jurisprudência já citadas, menção expressa ao fundamento normativo no ordenamento brasileiro que consagra o princípio 'locus regit actum' para a validade de atos processuais praticados no exterior, se houver dispositivo aplicável (como os da Lei de Introdução às Normas do Direito Brasileiro - LINDB ou do Código de Processo Penal).","","","",""
"HR-042","REAL-008","Gemini","STRENGTHEN_ARGUMENT","COMPLEMENTARY","0.85","Explicitar a Conexão entre a Prova Documental e a Desnecessidade de Outras Provas","A decisão afirma que a prova documental robusta torna desnecessárias outras provas requeridas pela defesa. Explicitar essa conexão de forma mais direta, talvez com um parágrafo conclusivo que resuma como os registros bancários específicos já respondem às questões que a defesa pretendia elucidar com as testemunhas indeferidas, fortaleceria a lógica da decisão e a fundamentação do indeferimento das diligências.","Sobre esse tópico, necessário esclarecer que, como demonstrar­ se­á adiante, há prova documental, consistente em registros bancários, de que Eduardo Cosentino da Cunha recebeu e movimentou vantagem indevida proveniente de contrato da Petrobrás e de que o álibi, por ter recebido esses valores, é absolutamente inconsistente, tornando desnecessárias outras provas além daquelas já presentes ao término da instrução ordinária.","Após apresentar a análise da prova documental, inserir um parágrafo de fechamento na seção sobre o cerceamento de defesa, reiterando que a prova documental (extratos, ordens de transferência) já estabelece a materialidade e o fluxo financeiro de forma objetiva, tornando a prova testemunhal sobre a constituição dos trusts ou a gestão das contas, como requerido pela defesa, secundária e desnecessária para o julgamento do mérito da acusação principal.","","","",""
"HR-043","REAL-009","DeepSeek","MISSING_DEMONSTRATION","IMPACTFUL","0.85","Demonstrar a ausência de consentimento da vítima com base em elementos concretos dos autos","A sentença absolve o réu por falta de provas da vulnerabilidade da vítima. Para fortalecer a tese de condenação, é crucial demonstrar, de forma estruturada, como os elementos dos autos (depoimento da vítima, mensagens, laudos periciais) comprovam a incapacidade de resistência, em vez de apenas narrá-los. Uma demonstração sistemática aumenta a persuasão.","a vulnerabilidade a ser reconhecida deixa de ser pelo critério biológico, mas pelo estado anímico em que a vítima se encontrava na data do fato, a ponto de ser tolhida de sua capacidade de resistência. | a ausência de consentimento por parte da vítima, decorrente da impossibilidade de oferecer resistência (pela ingestão de substância ou embriaguez) não ficou demonstrada.","Elaborar um quadro demonstrativo que correlacione cada elemento de prova (depoimento da vítima sobre perda de memória, mensagens de socorro, laudo pericial negativo para álcool/drogas, depoimento de testemunhas sobre o estado da vítima) com o requisito legal de 'não poder oferecer resistência'. Incluir a linha do tempo dos fatos (22h25min a 22h31min) e destacar a inconsistência entre a curta duração do ato e a alegação de consentimento.","","","",""
"HR-044","REAL-009","DeepSeek","STRENGTHEN_ARGUMENT","COMPLEMENTARY","0.75","Reforçar a conexão entre a ausência de substância no exame toxicológico e a vulnerabilidade por outra causa","O laudo pericial negativo para álcool e drogas é usado pela defesa para negar a vulnerabilidade. A sentença acolhe esse argumento. Para fortalecer a acusação, é necessário argumentar que a ausência de detecção não exclui a possibilidade de uso de substância não pesquisada, de dose baixa ou de metabolização rápida, ou ainda que a vulnerabilidade pode decorrer de outro fator (como cansaço extremo, medicação, etc.), conforme previsto no tipo penal ('por outra causa').","O exame deu negativo para etanol e para todas as drogas pesquisadas. | a vulnerabilidade a ser reconhecida [...] pelo estado anímico em que a vítima se encontrava na data do fato, a ponto de ser tolhida de sua capacidade de resistência.","Incluir argumentação específica sobre as limitações do exame toxicológico (janela de detecção, substâncias não pesquisadas) e sobre a possibilidade de a vulnerabilidade decorrer de 'outra causa' que não a ingestão de droga, como um estado de choque ou dissociação, corroborado pelo depoimento da vítima e pelas mensagens de desorientação.","","","",""
"HR-045","REAL-009","DeepSeek","ANTICIPATE_COUNTERARGUMENT","COMPLEMENTARY","0.8","Antecipar e refutar o argumento de que a vítima agiu com normalidade após o ocorrido","A sentença destaca que a vítima desceu as escadas normalmente, conversou com testemunhas e foi para outra casa noturna, o que é usado para negar a vulnerabilidade. Para fortalecer a tese, é preciso antecipar esse argumento e explicar que a reação de uma vítima de trauma sexual pode ser variada, incluindo a aparente normalidade (choque, negação, tentativa de retomar a rotina), e que isso não invalida a ausência de consentimento.","A Mariana desceu normal. Do jeito que ela subiu, ela desceu. | conversaram rapidamente, ela estava bem, normal. Aparentava estar bêbada, mas nada fora do normal.","Incluir parágrafo específico sobre a psicologia do trauma, citando que a reação de 'congelamento' ou 'submissão' é comum em vítimas de violência sexual, e que a capacidade de realizar ações rotineiras (como descer escadas ou pagar uma conta) não equivale a consentimento ou ausência de vulnerabilidade. Mencionar que a vítima, em seu depoimento, descreveu a sensação de 'robô' e 'inconsciência', o que é compatível com o estado dissociativo.","","","",""
"HR-046","REAL-009","Gemini","MISSING_COMPARATIVE_TABLE","IMPACTFUL","0.95","Estruturar as Contradições Probatórias em Tabela Comparativa","Uma tabela comparativa tornaria a fundamentação da dúvida razoável mais clara, sistemática e visualmente persuasiva, contrapondo diretamente as alegações da vítima sobre sua incapacidade com as provas testemunhais, periciais e visuais que as contradizem. Isso organiza e reforça o argumento central da sentença.","Dessa forma, diante das versões controvertidas, vislumbra-se não ser possível auferir quem faltou com a verdade, sendo notório que o relato da vítima é prova isolada nos autos, corroborada tão somente por sua genitora. | A versão não está em harmonia com os demais elementos probandi colhidos durante a instrução criminal, gerando dúvidas em relação à prática delitiva em comento.","Inserir um quadro-resumo ou tabela comparativa na fundamentação, com colunas que contrastem, ponto a ponto, as alegações da vítima sobre seu estado de vulnerabilidade (ex: 'sensação de estar voando', 'não raciocinava', 'não tinha coordenação motora') com os elementos de prova em sentido contrário (ex: 'Laudo toxicológico negativo', 'Depoimento da testemunha Enya: ""estava bem, normal""', 'Análise das imagens: ""marcha normal, com excelente resposta psicomotora""').","","","",""
"HR-047","REAL-009","Gemini","STRENGTHEN_ARGUMENT","IMPACTFUL","0.9","Incorporar Expressamente os Resultados dos Laudos Periciais na Argumentação Final","A sentença menciona os laudos periciais no relatório e no resumo do depoimento da perita da defesa, mas a argumentação final que fundamenta a absolvição poderia ser fortalecida ao citar diretamente as conclusões objetivas desses laudos, como o resultado negativo do exame toxicológico. Isso ancora a dúvida razoável em dados técnicos e objetivos, em vez de referenciar genericamente as 'provas periciais'.","Diante disso, não há como condenar o acusado por crime de estupro, quando os depoimentos de todas as testemunhas e demais provas (periciais) contradizem a versão acusatória. | O Laudo Técnico do IML corrobora com a conclusão, pois mostrou que não houve a ingestão de nenhum tipo de droga. [...] O exame deu negativo para etanol e para todas as drogas pesquisadas.","Na seção final da fundamentação, ao sintetizar as razões da absolvição, mencionar explicitamente o resultado do 'Laudo Pericial de Dosagem Alcoólica e Exame Toxicológico n. 9200.18.12289 (fls. 880-882)', destacando que o exame resultou negativo para álcool e substâncias entorpecentes. Isso confere maior peso técnico à conclusão de que a alegada vulnerabilidade por substância ministrada não foi comprovada materialmente.","","","",""
"HR-048","REAL-010","DeepSeek","MISSING_DEMONSTRATION","IMPACTFUL","0.95","Demonstrar a relação entre a peça e o caso concreto","A peça apresentada é um artigo doutrinário sobre colaboração premiada e ordem pública, sem qualquer referência a um caso concreto, partes, processo ou pedido. Para fortalecer a peça como uma manifestação jurídica, é essencial estabelecer a conexão entre os argumentos doutrinários e os fatos específicos do caso em questão, demonstrando como as teses se aplicam à situação fática.","A peça é um artigo de revista jurídica, sem identificação de partes, processo ou pedido. | Não há menção a [AUTOR], [RÉU], [PROCESSO] ou qualquer dado concreto.","Adicionar uma seção inicial que identifique o caso, as partes, o número do processo e o pedido específico. Em seguida, vincular cada argumento doutrinário aos fatos concretos, demonstrando como as violações apontadas (ex: ilegalidades nos acordos de colaboração) se manifestam no caso em análise.","","","",""
"HR-049","REAL-010","DeepSeek","MISSING_LEGAL_ANCHOR","IMPACTFUL","0.9","Indicar expressamente o fundamento legal para a recusa de auxílio com base na ordem pública","Embora a peça mencione diversos tratados e leis que preveem a ordem pública como obstáculo à cooperação, não há uma citação direta e específica do dispositivo legal que está sendo invocado como fundamento principal para a recusa do auxílio no caso concreto. Isso fragiliza a tese, pois o julgador precisa identificar claramente a base normativa do pedido.","Art. 18.º, n.º 21, alínea b), da Convenção de Palermo | Art. 46.º, n.º 21, alínea b), da Convenção de Mérida | Art. 3.º, n.º 1, alínea e), da Convenção da CPLP | Art. 2.º e art. 152.º, n.º 4, alínea b), da Lei n.º 144/99","Incluir um parágrafo que indique expressamente qual(is) dispositivo(s) legal(is) está(ão) sendo invocado(s) como fundamento para a recusa do auxílio, por exemplo: 'Com base no art. 18.º, n.º 21, alínea b), da Convenção de Palermo, e no art. 2.º da Lei n.º 144/99, requer-se a recusa do auxílio judiciário, por violação à ordem pública portuguesa, conforme demonstrado.'","","","",""
"HR-050","REAL-010","DeepSeek","STRENGTHEN_ARGUMENT","COMPLEMENTARY","0.85","Reforçar a conexão entre as ilegalidades dos acordos e a violação da ordem pública portuguesa","A peça descreve em detalhe as ilegalidades e inconstitucionalidades dos acordos de colaboração premiada (violação ao juiz natural, legalidade, presunção de inocência, etc.), mas a conexão entre essas violações e a 'ordem pública portuguesa' poderia ser mais explícita. É necessário demonstrar por que essas violações, ocorridas no Brasil, são incompatíveis com os princípios fundamentais do ordenamento jurídico português.","§ 6. A inconstitucionalidade e ilegalidade de utilização de provas proibidas e a sua projeção sobre a ordem pública portuguesa | Estamos em crer que os pactos de colaboração aqui considerados emergem mesmo como exemplos paradigmáticos de métodos proibidos de obtenção de prova","Adicionar um parágrafo que explicite, para cada violação apontada (ex: violação ao juiz natural, aplicação de pena sem sentença), qual princípio fundamental da ordem jurídica portuguesa é violado (ex: art. 32.º da CRP - garantias de processo criminal, art. 29.º da CRP - princípio da legalidade criminal). Demonstrar que a aplicação de tais acordos em Portugal, ainda que indiretamente, subverteria esses princípios.","","","",""
"HR-051","REAL-010","DeepSeek","ANTICIPATE_COUNTERARGUMENT","COMPLEMENTARY","0.8","Antecipar e refutar o argumento de que a ordem pública é cláusula excepcional e de interpretação restritiva","Em matéria de cooperação internacional, a ordem pública é frequentemente tratada como uma exceção de interpretação restritiva. A peça pode ser fortalecida ao antecipar esse argumento e demonstrar que, no caso concreto, as violações são tão graves e estruturais que justificam a aplicação da cláusula, não se tratando de mera divergência legislativa.","verificar-se-á que existem contradições profundas com a ordem jurídica portuguesa no modo como os acordos de colaboração premiada são assumidos e accionados pelas autoridades judiciárias brasileiras. | aproximamo-nos dos limites não apenas da ordem pública jusfundamentalmente densificada, mas também da violação dos princípios jurídicos fundamentais de um Estado de direito","Incluir um parágrafo que reconheça o caráter excepcional da ordem pública, mas argumente que as violações identificadas (execução de pena sem sentença, violação ao juiz natural, promessas de benefícios ilegais) atingem o núcleo essencial de direitos fundamentais, não se tratando de mera divergência processual, mas de afronta a princípios basilares do Estado de Direito português, o que justifica a recusa.","","","",""
